,movie,year,imdb,metascore,votes,us_grossMillions,timeMin
0,Top Gun: Maverick,2022,8.7,78.0,80276,,130
1,Everything Everywhere All at Once,2022,8.4,81.0,90843,,139
2,The Batman,2022,7.9,72.0,494924,,176
3,Goodfellas,1990,8.7,90.0,1119931,46.84,145
4,RRR,2022,8.2,87.0,71800,,187
5,Spider-Man: No Way Home,2021,8.3,71.0,644948,,148
6,The Godfather,1972,9.2,100.0,1788753,134.97,175
7,Pirates of the Caribbean: The Curse of the Black Pearl,2003,8.0,63.0,1091744,305.41,143
8,Dune,2021,8.1,74.0,574131,,155
9,Jurassic Park,1993,8.2,68.0,948617,402.45,127
10,Blade Runner 2049,2017,8.0,81.0,542761,92.05,164
11,Once Upon a Time... In Hollywood,2019,7.6,83.0,690758,142.5,161
12,The Gentlemen,2019,7.8,51.0,318814,,113
13,Avatar,2009,7.8,83.0,1202973,760.51,162
14,Avengers: Endgame,2019,8.4,78.0,1058381,858.37,181
15,The Shawshank Redemption,1994,9.3,81.0,2593460,28.34,142
16,K.G.F: Chapter 2,2022,8.7,,102064,,168
17,American Psycho,2000,7.6,64.0,573097,15.07,102
18,The Goonies,1985,7.7,62.0,265878,61.5,114
19,Star Wars,1977,8.6,90.0,1325937,322.74,121
20,Mission: Impossible - Fallout,2018,7.7,86.0,322434,220.16,147
21,The Dark Knight,2008,9.0,84.0,2564380,534.86,152
22,The Wolf of Wall Street,2013,8.2,75.0,1345563,116.9,180
23,CODA,2021,8.0,74.0,110968,,111
24,Star Wars: Episode III - Revenge of the Sith,2005,7.6,68.0,767006,380.26,140
25,The Worst Person in the World,2021,7.9,90.0,44949,,128
26,Thor: Ragnarok,2017,7.9,74.0,702630,315.06,130
27,Titanic,1997,7.9,75.0,1136834,659.33,194
28,Zack Snyder's Justice League,2021,8.0,54.0,379260,,242
29,Interstellar,2014,8.6,74.0,1736100,188.02,169
30,Harry Potter and the Sorcerer's Stone,2001,7.6,65.0,754215,317.58,152
31,Zombieland,2009,7.6,73.0,562990,75.59,88
32,Tombstone,1993,7.8,50.0,144857,56.51,130
33,Ghostbusters,1984,7.8,71.0,405472,238.63,105
34,Pulp Fiction,1994,8.9,94.0,1988511,107.93,154
35,Avengers: Infinity War,2018,8.4,68.0,1019442,678.82,149
36,Inception,2010,8.8,74.0,2275656,292.58,148
37,The Departed,2006,8.5,85.0,1289117,132.38,151
38,Forrest Gump,1994,8.8,82.0,2002211,330.25,142
39,Knives Out,2019,7.9,82.0,592233,165.36,130
40,The Lord of the Rings: The Fellowship of the Ring,2001,8.8,92.0,1802864,315.54,178
41,The Fifth Element,1997,7.6,52.0,465128,63.54,126
42,Fight Club,1999,8.8,66.0,2041937,37.03,139
43,Parasite,2019,8.5,96.0,747443,53.37,132
44,Whiplash,2014,8.5,88.0,811802,13.09,106
45,Ex Machina,2014,7.7,78.0,529206,25.44,108
46,Rogue One: A Star Wars Story,2016,7.8,65.0,608222,532.18,133
47,Mad Max: Fury Road,2015,8.1,90.0,971839,154.06,120
48,Joker,2019,8.4,59.0,1197758,335.45,122
49,Requiem for a Dream,2000,8.3,68.0,822679,3.64,102
50,About Time,2013,7.8,55.0,338638,15.32,123
51,Heat,1995,8.3,76.0,635540,67.44,170
52,The Godfather: Part II,1974,9.0,90.0,1234031,57.3,202
53,Se7en,1995,8.6,65.0,1591640,100.13,127
54,Inglourious Basterds,2009,8.3,69.0,1398113,120.54,153
55,Gladiator,2000,8.5,67.0,1457415,187.71,155
56,Deadpool,2016,8.0,65.0,999973,363.07,108
57,Deadpool 2,2018,7.7,66.0,556141,324.59,119
58,Guardians of the Galaxy,2014,8.0,76.0,1143283,333.18,121
59,Blade Runner,1982,8.1,84.0,750716,32.87,117
60,Taxi Driver,1976,8.2,94.0,799400,28.26,114
61,Back to the Future,1985,8.5,87.0,1163663,210.61,116
62,The Silence of the Lambs,1991,8.6,85.0,1388515,130.74,118
63,Gone Girl,2014,8.1,79.0,953914,167.77,149
64,Schindler's List,1993,9.0,94.0,1319476,96.9,195
65,The Princess Bride,1987,8.0,77.0,421512,30.86,98
66,The Matrix,1999,8.7,73.0,1862861,171.48,136
67,Pride & Prejudice,2005,7.8,82.0,288458,38.41,129
68,Django Unchained,2012,8.4,81.0,1499228,162.81,165
69,The Game,1997,7.7,61.0,384823,48.32,129
70,The Dark Knight Rises,2012,8.4,78.0,1656703,448.14,164
71,Saving Private Ryan,1998,8.6,91.0,1350045,216.54,169
72,The Notebook,2004,7.8,53.0,559396,81.0,123
73,Once Upon a Time in America,1984,8.3,75.0,343786,5.32,229
74,No Country for Old Men,2007,8.2,92.0,943965,74.28,122
75,What's Eating Gilbert Grape,1993,7.7,73.0,233296,9.17,118
76,Léon: The Professional,1994,8.5,64.0,1129048,19.5,110
77,Apocalypse Now,1979,8.5,94.0,652420,83.47,147
78,Prisoners,2013,8.1,70.0,682384,61.0,153
79,Alien,1979,8.5,89.0,855833,78.9,117
80,Edward Scissorhands,1990,7.9,74.0,479097,56.36,105
81,Sicario,2015,7.6,82.0,418049,46.89,121
82,Ford v Ferrari,2019,8.1,81.0,369023,117.62,152
83,The Breakfast Club,1985,7.8,66.0,387310,45.88,97
84,Iron Man,2008,7.9,79.0,1029660,318.41,126
85,American Beauty,1999,8.4,84.0,1133471,130.1,122
86,The Shining,1980,8.4,66.0,987793,44.02,146
87,Spider-Man: Into the Spider-Verse,2018,8.4,87.0,493214,190.24,117
88,The Green Mile,1999,8.6,61.0,1260742,136.8,189
89,Scarface,1983,8.3,65.0,813062,45.6,170
90,Dunkirk,2017,7.8,94.0,634262,188.37,106
91,1917,2019,8.2,78.0,552928,159.23,119
92,Jojo Rabbit,2019,7.9,58.0,369979,0.35,108
93,Shutter Island,2010,8.2,63.0,1261734,128.01,138
94,A Few Good Men,1992,7.7,62.0,257803,141.34,138
95,The Handmaiden,2016,8.1,84.0,139417,2.01,145
96,Casino,1995,8.2,73.0,507187,42.44,178
97,The Usual Suspects,1995,8.5,77.0,1062582,23.34,106
98,The Prestige,2006,8.5,66.0,1296548,53.09,130
99,Terminator 2: Judgment Day,1991,8.6,75.0,1070499,204.84,137
100,Little Women,2019,7.8,91.0,192526,108.1,135
101,Call Me by Your Name,2017,7.8,93.0,259174,18.1,132
102,Kingsman: The Secret Service,2014,7.7,60.0,653639,128.26,129
103,Taken,2008,7.8,51.0,594571,145.0,90
104,The Avengers,2012,8.0,69.0,1357563,623.28,143
105,Blue Velvet,1986,7.7,76.0,195577,8.55,120
106,Stand by Me,1986,8.1,75.0,394226,52.29,89
107,Get Out,2017,7.7,85.0,562996,176.04,104
108,12 Angry Men,1957,9.0,96.0,766145,4.36,96
109,Batman Begins,2005,8.2,70.0,1430413,206.85,140
110,Edge of Tomorrow,2014,7.9,71.0,658152,100.21,113
111,The Imitation Game,2014,8.0,71.0,751023,91.13,114
112,The Lord of the Rings: The Return of the King,2003,9.0,94.0,1781693,377.85,201
113,Casino Royale,2006,8.0,80.0,645844,167.45,144
114,The Father,2020,8.3,88.0,136945,,97
115,Platoon,1986,8.1,92.0,407541,138.53,120
116,Drive,2011,7.8,78.0,619895,35.06,100
117,Hacksaw Ridge,2016,8.1,71.0,503956,67.21,139
118,Who Framed Roger Rabbit,1988,7.7,83.0,197469,156.45,104
119,Logan,2017,8.1,77.0,732304,226.28,137
120,A Beautiful Mind,2001,8.2,72.0,912625,170.74,135
121,Love Actually,2003,7.6,55.0,474986,59.7,135
122,The Irishman,2019,7.8,94.0,373251,7.0,209
123,Jaws,1975,8.1,87.0,584649,260.0,124
124,The Lion King,1994,8.5,88.0,1027048,422.78,88
125,Good Will Hunting,1997,8.3,70.0,939795,138.43,126
126,Star Wars: Episode V - The Empire Strikes Back,1980,8.7,82.0,1254288,290.48,124
127,Eternal Sunshine of the Spotless Mind,2004,8.3,89.0,983140,34.4,108
128,Oldboy,2003,8.4,77.0,563282,0.71,120
129,Full Metal Jacket,1987,8.3,76.0,725768,46.36,116
130,Harry Potter and the Goblet of Fire,2005,7.7,81.0,609137,290.01,157
131,Star Wars: Episode VI - Return of the Jedi,1983,8.3,58.0,1024546,309.13,131
132,The Truman Show,1998,8.2,90.0,1040120,125.62,103
133,Office Space,1999,7.7,68.0,261702,10.82,89
134,Skyfall,2012,7.8,81.0,686134,304.36,143
135,American History X,1998,8.5,62.0,1098334,6.72,119
136,Her,2013,8.0,91.0,594383,25.57,126
137,Braveheart,1995,8.4,68.0,1018564,75.6,178
138,Star Trek,2009,7.9,82.0,598668,257.73,127
139,Guardians of the Galaxy Vol. 2,2017,7.6,67.0,653050,389.81,136
140,Harry Potter and the Deathly Hallows: Part 2,2011,8.1,85.0,848442,381.01,130
141,The Godfather: Part III,1990,7.6,60.0,388361,66.67,162
142,The Big Lebowski,1998,8.1,71.0,792132,17.5,117
143,Indiana Jones and the Raiders of the Lost Ark,1981,8.4,85.0,945224,248.16,115
144,Baby Driver,2017,7.6,86.0,514263,107.83,113
145,Black Swan,2010,8.0,79.0,747655,106.95,108
146,Donnie Darko,2001,8.0,88.0,785377,1.48,113
147,Moana,2016,7.6,81.0,322129,248.76,107
148,The Big Short,2015,7.8,81.0,417123,70.26,130
149,A Clockwork Orange,1971,8.3,77.0,811491,6.21,136
150,Star Wars: Episode VII - The Force Awakens,2015,7.8,80.0,911118,936.66,138
151,300,2006,7.6,52.0,804401,210.61,117
152,The Last Samurai,2003,7.8,55.0,431133,111.11,154
153,The Terminator,1984,8.1,84.0,843928,38.4,107
154,Wind River,2017,7.7,73.0,244143,33.8,107
155,Catch Me If You Can,2002,8.1,75.0,941884,164.62,141
156,Aliens,1986,8.4,84.0,700898,85.16,137
157,The Social Network,2010,7.8,95.0,684634,96.96,120
158,Marriage Story,2019,7.9,94.0,295676,2.0,137
159,Bohemian Rhapsody,2018,7.9,49.0,518485,216.43,134
160,Blue Is the Warmest Colour,2013,7.7,89.0,149765,2.2,180
161,Memento,2000,8.4,80.0,1209339,25.54,113
162,Nightcrawler,2014,7.8,76.0,525932,32.38,117
163,Kill Bill: Vol. 1,2003,8.2,69.0,1086387,70.1,111
164,Captain America: Civil War,2016,7.8,75.0,756909,408.08,147
165,Ferris Bueller's Day Off,1986,7.8,61.0,349068,70.14,103
166,Spirited Away,2001,8.6,96.0,734624,10.06,125
167,Apocalypto,2006,7.8,68.0,308479,50.87,139
168,Boogie Nights,1997,7.9,85.0,260154,26.4,155
169,One Flew Over the Cuckoo's Nest,1975,8.7,84.0,985313,112.0,133
170,E.T. the Extra-Terrestrial,1982,7.9,91.0,399469,435.11,115
171,Hamilton,2020,8.4,90.0,87849,,160
172,Arrival,2016,7.9,81.0,671446,100.55,116
173,There Will Be Blood,2007,8.2,93.0,571163,40.22,158
174,The Hobbit: An Unexpected Journey,2012,7.8,58.0,805092,303.0,169
175,Trainspotting,1996,8.1,83.0,675064,16.5,93
176,Evil Dead II,1987,7.7,72.0,161238,5.92,84
177,Almost Famous,2000,7.9,90.0,272592,32.53,122
178,Reservoir Dogs,1992,8.3,79.0,992428,2.83,99
179,Snatch,2000,8.3,55.0,838123,30.33,102
180,Stardust,2007,7.6,66.0,269732,38.63,127
181,The Girl with the Dragon Tattoo,2011,7.8,71.0,456247,102.52,158
182,The Grand Budapest Hotel,2014,8.1,88.0,782859,59.1,99
183,What We Do in the Shadows,2014,7.6,76.0,178784,3.33,86
184,Zootopia,2016,8.0,78.0,483185,341.27,108
185,The Hunt,2012,8.3,77.0,320567,0.69,115
186,The Sixth Sense,1999,8.2,64.0,970764,293.51,107
187,Green Book,2018,8.2,69.0,466071,85.08,130
188,True Romance,1993,7.9,59.0,223538,12.28,119
189,Ocean's Eleven,2001,7.7,74.0,559554,183.42,116
190,Unforgiven,1992,8.2,85.0,404837,101.16,130
191,Hidden Figures,2016,7.8,74.0,223239,169.61,127
192,Donnie Brasco,1997,7.7,76.0,301717,41.91,127
193,Dead Poets Society,1989,8.1,79.0,473568,95.86,128
194,City of God,2002,8.6,79.0,742439,7.56,130
195,Ratatouille,2007,8.1,96.0,706205,206.45,111
196,Willy Wonka & the Chocolate Factory,1971,7.8,67.0,197063,4.0,100
197,Come and See,1985,8.4,,75407,,142
198,Superbad,2007,7.6,76.0,564400,121.46,113
199,Into the Wild,2007,8.1,73.0,613142,18.35,148
200,The Revenant,2015,8.0,76.0,779918,183.64,156
201,Watchmen,2009,7.6,56.0,542390,107.51,162
202,Moneyball,2011,7.6,87.0,412092,75.61,133
203,The Exorcist,1973,8.1,81.0,393374,232.91,122
204,The Hangover,2009,7.7,73.0,768715,277.32,100
205,Zodiac,2007,7.7,78.0,525586,33.08,157
206,Mulholland Drive,2001,7.9,85.0,348587,7.22,147
207,Shrek,2001,7.9,84.0,660988,267.67,90
208,The Hateful Eight,2015,7.8,68.0,580175,54.12,168
209,When Harry Met Sally...,1989,7.7,76.0,214329,92.82,95
210,"The Good, the Bad and the Ugly",1966,8.8,90.0,744223,6.1,178
211,The Perks of Being a Wallflower,2012,8.0,67.0,499390,17.74,103
212,Atonement,2007,7.8,85.0,273032,50.93,123
213,L.A. Confidential,1997,8.2,90.0,572719,64.62,138
214,Papillon,1973,8.0,58.0,129319,53.27,151
215,The Sandlot,1993,7.8,55.0,89403,32.42,101
216,The Fly,1986,7.6,79.0,177082,40.46,96
217,The Thing,1982,8.2,57.0,410501,13.78,109
218,The Sound of Music,1965,8.1,63.0,227375,163.21,172
219,Toy Story,1995,8.3,95.0,965904,191.8,81
220,La La Land,2016,8.0,94.0,566742,151.1,128
221,The Help,2011,8.1,62.0,450803,169.71,146
222,The Fugitive,1993,7.8,87.0,289474,183.88,130
223,Fargo,1996,8.1,85.0,665129,24.61,98
224,The Pianist,2002,8.5,85.0,807088,32.57,150
225,Home Alone,1990,7.7,63.0,553591,285.76,103
226,2001: A Space Odyssey,1968,8.3,84.0,653041,56.95,149
227,The Lord of the Rings: The Two Towers,2002,8.8,87.0,1609145,342.55,179
228,Harry Potter and the Prisoner of Azkaban,2004,7.9,82.0,615921,249.36,142
229,Room,2015,8.1,86.0,410424,14.68,118
230,Magnolia,1999,8.0,77.0,308408,22.46,188
231,Sin City,2005,8.0,74.0,761051,74.1,124
232,The Martian,2015,8.0,80.0,830094,228.43,144
233,Psycho,1960,8.5,97.0,654678,32.0,109
234,RoboCop,1987,7.6,70.0,253242,53.42,102
235,Captain America: The Winter Soldier,2014,7.8,70.0,818998,259.77,136
236,Predator,1987,7.8,45.0,400866,59.74,107
237,Dances with Wolves,1990,8.0,72.0,260933,184.21,181
238,Your Name.,2016,8.4,79.0,252035,5.02,106
239,Black Hawk Down,2001,7.7,74.0,389712,108.64,144
240,Coco,2017,8.4,81.0,479419,209.73,105
241,Harry Potter and the Deathly Hallows: Part 1,2010,7.7,65.0,532806,295.98,146
242,Amélie,2001,8.3,69.0,744521,33.23,122
243,12 Monkeys,1995,8.0,74.0,609463,57.14,129
244,Life Is Beautiful,1997,8.6,59.0,677983,57.6,116
245,Warrior,2011,8.2,71.0,464304,13.66,140
246,"Three Billboards Outside Ebbing, Missouri",2017,8.1,88.0,491391,54.51,115
247,Rain Man,1988,8.0,65.0,504520,178.8,133
248,In Bruges,2008,7.9,67.0,414776,7.76,107
249,The Wizard of Oz,1939,8.1,92.0,390923,2.08,102
250,Howl's Moving Castle,2004,8.2,80.0,380687,4.71,119
251,Pan's Labyrinth,2006,8.2,98.0,657412,37.63,118
252,The Intouchables,2011,8.5,57.0,833716,13.18,112
253,V for Vendetta,2005,8.2,62.0,1100733,70.51,132
254,Rush,2013,8.1,74.0,469644,26.95,123
255,Cast Away,2000,7.8,73.0,577258,233.63,143
256,Little Miss Sunshine,2006,7.8,80.0,471212,59.89,101
257,Midnight in Paris,2011,7.7,81.0,417186,56.82,94
258,Die Hard,1988,8.2,72.0,858677,83.01,132
259,Another Round,2020,7.7,79.0,144477,,117
260,Hot Fuzz,2007,7.8,81.0,496943,23.64,121
261,Inside Out,2015,8.2,94.0,689818,356.46,95
262,The Skin I Live In,2011,7.6,70.0,150417,3.19,120
263,Man on Fire,2004,7.7,47.0,357163,77.91,146
264,X-Men: First Class,2011,7.7,65.0,681628,146.41,131
265,X-Men: Days of Future Past,2014,7.9,75.0,699763,233.92,132
266,Soul,2020,8.0,83.0,310609,,100
267,Argo,2012,7.7,86.0,606709,136.03,120
268,The Incredibles,2004,8.0,90.0,712569,261.44,115
269,Inside Man,2006,7.6,76.0,366982,88.51,129
270,The Curious Case of Benjamin Button,2008,7.8,70.0,636407,127.51,166
271,Halloween,1978,7.7,87.0,266448,47.0,91
272,"O Brother, Where Art Thou?",2000,7.7,69.0,307315,45.51,107
273,Casablanca,1942,8.5,100.0,560496,1.02,102
274,"Monsters, Inc.",2001,8.1,79.0,885385,289.92,92
275,Memories of Murder,2003,8.1,82.0,174244,0.01,132
276,Finding Nemo,2003,8.2,90.0,1019306,380.84,100
277,The Machinist,2004,7.7,61.0,382738,1.08,101
278,The Blind Side,2009,7.6,53.0,324954,255.96,129
279,Big Fish,2003,8.0,58.0,436370,66.26,125
280,How to Train Your Dragon,2010,8.1,75.0,721715,217.58,98
281,The Deer Hunter,1978,8.1,86.0,334198,48.98,183
282,The Graduate,1967,8.0,83.0,269897,104.95,106
283,Star Trek Into Darkness,2013,7.7,72.0,479907,228.78,132
284,This Is Spinal Tap,1984,7.9,92.0,138376,4.74,82
285,12 Years a Slave,2013,8.1,96.0,687251,56.67,134
286,Hell or High Water,2016,7.6,88.0,225896,26.86,102
287,Lawrence of Arabia,1962,8.3,100.0,288594,44.82,218
288,Indiana Jones and the Last Crusade,1989,8.2,65.0,739513,197.17,127
289,Minority Report,2002,7.7,80.0,541074,132.07,145
290,Airplane!,1980,7.7,78.0,233832,83.4,88
291,Gattaca,1997,7.8,64.0,299226,12.34,106
292,"Crouching Tiger, Hidden Dragon",2000,7.9,94.0,266146,128.08,120
293,Amadeus,1984,8.4,88.0,394198,51.97,160
294,The Butterfly Effect,2004,7.6,30.0,481405,57.94,113
295,True Grit,2010,7.6,80.0,334245,171.24,110
296,Road to Perdition,2002,7.7,72.0,264094,104.45,117
297,Silver Linings Playbook,2012,7.7,81.0,699619,132.09,122
298,Brokeback Mountain,2005,7.7,87.0,351230,83.04,134
299,My Cousin Vinny,1992,7.6,68.0,122009,52.93,120
300,American Gangster,2007,7.8,76.0,420007,130.16,157
301,Training Day,2001,7.7,69.0,426013,76.63,122
302,Back to the Future Part II,1989,7.8,57.0,519407,118.5,108
303,Big Hero 6,2014,7.8,74.0,449089,222.53,102
304,The Road Warrior,1981,7.6,77.0,177909,12.47,96
305,Crash,2004,7.8,66.0,433728,54.58,112
306,Primal Fear,1996,7.7,47.0,208878,56.12,129
307,Up,2009,8.3,88.0,1016204,293.0,96
308,K.G.F: Chapter 1,2018,8.2,,75805,,156
309,Gran Torino,2008,8.1,72.0,762989,148.1,116
310,Lion,2016,8.0,69.0,232726,51.74,118
311,A Star Is Born,2018,7.6,88.0,373843,215.29,136
312,The Mitchells vs the Machines,2021,7.6,81.0,101792,,114
313,Saw,2004,7.6,46.0,411267,56.0,103
314,Tangled,2010,7.7,71.0,441329,200.82,100
315,Gone with the Wind,1939,8.2,97.0,310757,198.68,238
316,The Count of Monte Cristo,2002,7.7,61.0,136778,54.23,131
317,Wonder,2017,7.9,66.0,160283,132.42,113
318,Planet of the Apes,1968,8.0,79.0,177840,33.4,112
319,"Lock, Stock and Two Smoking Barrels",1998,8.2,66.0,572080,3.9,107
320,Incendies,2010,8.3,80.0,172623,6.86,131
321,Moon,2009,7.8,67.0,354491,5.01,97
322,Before Sunrise,1995,8.1,77.0,299382,5.54,101
323,Spotlight,2015,8.1,93.0,460277,45.06,129
324,Chinatown,1974,8.2,92.0,320343,8.49,130
325,Toy Story 4,2019,7.7,84.0,239111,434.04,100
326,500 Days of Summer,2009,7.7,76.0,504039,32.39,95
327,WALL·E,2008,8.4,95.0,1086373,223.81,98
328,Blood Diamond,2006,8.0,64.0,538086,57.37,143
329,Dallas Buyers Club,2013,7.9,79.0,478622,27.3,117
330,Mystic River,2003,7.9,84.0,449594,90.14,138
331,Rocky,1976,8.1,70.0,561255,117.24,120
332,Grave of the Fireflies,1988,8.5,94.0,267716,,89
333,District 9,2009,7.9,81.0,671663,115.65,112
334,Y tu mamá también,2001,7.7,88.0,121865,13.62,106
335,Children of Men,2006,7.9,84.0,492835,35.55,109
336,Kick-Ass,2010,7.6,66.0,554019,48.07,117
337,Coraline,2009,7.7,80.0,220165,75.29,100
338,3 Idiots,2009,8.4,67.0,387170,6.53,170
339,The Hobbit: The Desolation of Smaug,2013,7.8,66.0,644201,258.37,161
340,The Untouchables,1987,7.9,79.0,304014,76.27,119
341,Eastern Promises,2007,7.6,82.0,240379,17.11,100
342,It's a Wonderful Life,1946,8.6,89.0,445823,,130
343,The Last of the Mohicans,1992,7.7,76.0,166360,75.51,112
344,Dr. Strangelove or: How I Learned to Stop Worrying and Love the Bomb,1964,8.4,97.0,481169,0.28,95
345,Beauty and the Beast,1991,8.0,95.0,443814,218.97,84
346,Birdman or (The Unexpected Virtue of Ignorance),2014,7.7,87.0,619018,42.34,119
347,The Invisible Guest,2016,8.0,,171015,,106
348,Remember the Titans,2000,7.8,48.0,211988,115.65,113
349,Strangers on a Train,1951,7.9,88.0,132423,7.63,101
350,Deliverance,1972,7.7,80.0,106974,7.06,109
351,Portrait of a Lady on Fire,2019,8.1,95.0,86366,3.76,122
352,In the Mood for Love,2000,8.0,85.0,145375,2.73,98
353,3:10 to Yuma,2007,7.7,76.0,306835,53.61,122
354,Toy Story 3,2010,8.3,92.0,815472,415.0,103
355,The Dirty Dozen,1967,7.7,73.0,72208,45.3,150
356,Incredibles 2,2018,7.6,80.0,286403,608.58,118
357,The Lives of Others,2006,8.4,89.0,383860,11.29,137
358,Once Upon a Time in the West,1968,8.5,80.0,323869,5.32,165
359,The Bourne Identity,2002,7.9,68.0,539204,121.66,119
360,Kung Fu Panda,2008,7.6,74.0,457191,215.43,92
361,Fried Green Tomatoes,1991,7.7,64.0,73797,82.42,130
362,Aladdin,1992,8.0,86.0,404821,217.35,90
363,Captain Fantastic,2016,7.8,72.0,214409,5.88,118
364,Finding Neverland,2004,7.7,67.0,205286,51.68,106
365,The Boy in the Striped Pajamas,2008,7.7,55.0,213522,9.03,94
366,Mary Poppins,1964,7.8,88.0,169683,102.27,139
367,The Fighter,2010,7.8,79.0,360734,93.62,116
368,Moonrise Kingdom,2012,7.8,84.0,344484,45.51,94
369,The Little Mermaid,1989,7.6,88.0,256424,111.54,83
370,Kill Bill: Vol. 2,2004,8.0,83.0,738582,66.21,137
371,Citizen Kane,1941,8.3,100.0,435064,1.59,119
372,Misery,1990,7.8,75.0,203978,61.28,107
373,Paddington 2,2017,7.8,88.0,73830,40.44,103
374,Shaun of the Dead,2004,7.9,76.0,547317,13.54,99
375,Boyz n the Hood,1991,7.8,76.0,138211,57.5,112
376,Princess Mononoke,1997,8.4,76.0,383143,2.38,134
377,Downfall,2004,8.2,82.0,350790,5.51,156
378,Blazing Saddles,1974,7.7,73.0,136961,119.5,93
379,Sense and Sensibility,1995,7.7,84.0,113973,43.18,136
380,Hunt for the Wilderpeople,2016,7.8,81.0,127638,5.2,101
381,Dog Day Afternoon,1975,8.0,86.0,252919,50.0,125
382,Dirty Harry,1971,7.7,87.0,154216,35.9,102
383,Despicable Me,2010,7.6,72.0,533958,251.51,95
384,A Bronx Tale,1993,7.8,80.0,139022,17.27,121
385,Capernaum,2018,8.4,75.0,85140,1.66,126
386,Lost in Translation,2003,7.7,89.0,445402,44.59,102
387,Young Frankenstein,1974,8.0,80.0,155963,86.3,106
388,Brazil,1985,7.9,84.0,198861,9.93,132
389,Awakenings,1990,7.8,74.0,138365,52.1,121
390,The Lego Movie,2014,7.7,83.0,347413,257.76,100
391,Apollo 13,1995,7.7,77.0,290083,173.84,140
392,Manchester by the Sea,2016,7.8,96.0,274787,47.7,137
393,Dark Waters,2019,7.6,73.0,84804,,126
394,Do the Right Thing,1989,7.9,93.0,100459,27.55,120
395,Naked,1993,7.7,85.0,38889,1.77,131
396,Rise of the Planet of the Apes,2011,7.6,68.0,520723,176.76,105
397,The Trial of the Chicago 7,2020,7.7,76.0,171791,,129
398,Breakfast at Tiffany's,1961,7.6,76.0,177624,,115
399,Falling Down,1993,7.6,56.0,186814,40.9,113
400,Seven Samurai,1954,8.6,98.0,339733,0.27,207
401,Monty Python and the Holy Grail,1975,8.2,91.0,532444,1.23,91
402,Lord of War,2005,7.6,62.0,312459,24.15,122
403,The Pursuit of Happyness,2006,8.0,64.0,496891,163.57,117
404,Slumdog Millionaire,2008,8.0,84.0,834446,141.32,120
405,"Blood In, Blood Out",1993,7.9,47.0,31043,4.5,180
406,Ed Wood,1994,7.8,70.0,174610,5.89,127
407,Mulan,1998,7.6,71.0,280369,120.62,88
408,I Saw the Devil,2010,7.8,67.0,126597,0.13,144
409,The King's Speech,2010,8.0,88.0,671857,138.8,118
410,Dawn of the Planet of the Apes,2014,7.6,79.0,434692,208.55,130
411,The Searchers,1956,7.9,94.0,88151,,119
412,Mr. Nobody,2009,7.8,63.0,230488,0.0,141
413,Groundhog Day,1993,8.1,72.0,616123,70.91,101
414,Singin' in the Rain,1952,8.3,99.0,237721,8.82,103
415,The Others,2001,7.6,74.0,359704,96.52,104
416,The Blues Brothers,1980,7.9,60.0,196283,57.23,133
417,The Boat,1981,8.4,86.0,247458,11.49,149
418,Raging Bull,1980,8.2,89.0,346794,23.38,129
419,The Fault in Our Stars,2014,7.7,69.0,369467,124.87,126
420,Rear Window,1954,8.5,100.0,481501,36.76,112
421,Walk the Line,2005,7.8,72.0,247943,119.52,136
422,Wreck-It Ralph,2012,7.7,72.0,412781,189.42,101
423,As Good as It Gets,1997,7.7,67.0,295272,148.48,139
424,To Kill a Mockingbird,1962,8.3,88.0,312244,,129
425,Gravity,2013,7.7,96.0,812919,274.09,91
426,Mildred Pierce,1945,8.0,88.0,25643,,111
427,Fantastic Mr. Fox,2009,7.9,83.0,225488,21.0,87
428,Million Dollar Baby,2004,8.1,86.0,676475,100.49,132
429,Life of Pi,2012,7.9,79.0,618076,124.99,127
430,Serenity,2005,7.8,74.0,294074,25.51,119
431,Scent of a Woman,1992,8.0,59.0,289580,63.9,156
432,The Seventh Seal,1957,8.1,88.0,182201,,96
433,A Fistful of Dollars,1964,7.9,65.0,213686,14.5,99
434,Empire of the Sun,1987,7.7,62.0,124102,22.24,153
435,Rosemary's Baby,1968,8.0,96.0,211239,,137
436,Rio Bravo,1959,8.0,93.0,61696,12.54,141
437,For a Few Dollars More,1965,8.2,74.0,251967,15.0,132
438,Gone Baby Gone,2007,7.6,72.0,269476,20.3,114
439,Straight Outta Compton,2015,7.8,72.0,197715,161.2,147
440,The Boondock Saints,1999,7.7,44.0,237604,0.03,108
441,Dark City,1998,7.6,66.0,198291,14.38,100
442,Lethal Weapon,1987,7.6,68.0,254607,65.21,109
443,The Thin Red Line,1998,7.6,78.0,185672,36.4,170
444,Carlito's Way,1993,7.9,65.0,214731,36.95,144
445,Perfect Blue,1997,8.0,,72474,0.78,81
446,End of Watch,2012,7.6,68.0,244453,41.0,109
447,Vertigo,1958,8.3,100.0,395080,3.2,128
448,North by Northwest,1959,8.3,98.0,322174,13.28,136
449,Being John Malkovich,1999,7.8,90.0,330776,22.86,113
450,Toy Story 2,1999,7.9,88.0,567305,245.85,92
451,Midnight Cowboy,1969,7.8,79.0,109722,44.79,113
452,Cinema Paradiso,1988,8.5,80.0,255221,11.99,155
453,Some Like It Hot,1959,8.2,98.0,262670,25.0,121
454,The Secret in Their Eyes,2009,8.2,80.0,206782,6.39,129
455,First Blood,1982,7.7,61.0,246541,47.21,93
456,The Theory of Everything,2014,7.7,71.0,441220,35.89,123
457,The Raid: Redemption,2011,7.6,73.0,202280,4.11,101
458,Doctor Zhivago,1965,7.9,69.0,75832,111.72,197
459,Akira,1988,8.0,67.0,181692,0.55,124
460,JFK,1991,8.0,72.0,153754,70.41,189
461,Boyhood,2014,7.9,100.0,351135,25.38,165
462,Ben-Hur,1959,8.1,90.0,236098,74.7,212
463,Billy Elliot,2000,7.7,74.0,133863,22.0,110
464,A Silent Voice: The Movie,2016,8.1,78.0,75867,,130
465,The Great Escape,1963,8.2,86.0,241147,12.1,172
466,Close Encounters of the Third Kind,1977,7.6,90.0,198556,132.09,138
467,Gandhi,1982,8.1,79.0,228443,52.77,191
468,Chungking Express,1994,8.0,78.0,78212,0.6,102
469,Baahubali: The Beginning,2015,8.0,,118184,6.74,159
470,My Neighbor Totoro,1988,8.1,86.0,328492,1.11,86
471,The Wrestler,2008,7.9,80.0,302776,26.24,109
472,Demon Slayer the Movie: Mugen Train,2020,8.2,72.0,52817,47.7,117
473,Sound of Metal,2019,7.7,82.0,119852,,120
474,In the Name of the Father,1993,8.1,84.0,172013,25.01,133
475,The Right Stuff,1983,7.8,91.0,60921,21.5,193
476,Dogville,2003,8.0,60.0,147214,1.53,178
477,Captain Phillips,2013,7.8,82.0,451905,107.1,134
478,The Royal Tenenbaums,2001,7.6,76.0,288049,52.36,110
479,Mississippi Burning,1988,7.8,65.0,99058,34.6,128
480,Creed,2015,7.6,82.0,267890,109.77,133
481,Sling Blade,1996,8.0,84.0,93205,24.48,135
482,The Conversation,1974,7.8,87.0,110069,4.42,113
483,Goldfinger,1964,7.7,87.0,187638,51.08,110
484,The Bourne Ultimatum,2007,8.0,85.0,628175,227.47,115
485,The Holy Mountain,1973,7.8,76.0,42186,0.06,114
486,Adaptation.,2002,7.7,83.0,190632,22.25,115
487,Barry Lyndon,1975,8.1,89.0,164399,,185
488,The Ten Commandments,1956,7.9,,70399,93.74,220
489,The Nightmare Before Christmas,1993,7.9,82.0,327283,75.08,76
490,Match Point,2005,7.6,72.0,216236,23.09,124
491,Spartacus,1960,7.9,87.0,133436,30.0,197
492,Metropolis,1927,8.3,98.0,171834,1.24,153
493,The Bourne Supremacy,2004,7.7,73.0,457898,176.24,108
494,Before Sunset,2004,8.1,90.0,257800,5.82,80
495,The Jungle Book,1967,7.6,65.0,179188,141.84,78
496,La Haine,1995,8.1,,168824,0.31,98
497,Battle Royale,2000,7.6,81.0,180971,,114
498,Before Midnight,2013,7.9,94.0,154529,8.11,109
499,My Fair Lady,1964,7.8,95.0,94480,72.0,170
500,Bridge of Spies,2015,7.6,81.0,306898,72.31,142
501,The Birds,1963,7.7,90.0,185585,11.4,119
502,Sunset Blvd.,1950,8.4,,218040,,110
503,The Magnificent Seven,1960,7.7,74.0,93970,4.91,128
504,The Color Purple,1985,7.7,78.0,85571,98.47,154
505,Network,1976,8.1,83.0,157408,,121
506,Traffic,2000,7.6,86.0,205939,124.12,147
507,How to Train Your Dragon 2,2014,7.8,77.0,328532,177.0,102
508,The Man from Earth,2007,7.9,,185305,,87
509,The Girl with the Dragon Tattoo,2009,7.8,76.0,215827,10.1,152
510,Serpico,1973,7.7,81.0,121033,29.8,130
511,Baahubali 2: The Conclusion,2017,8.2,,93192,20.19,167
512,M,1931,8.3,,155549,0.03,99
513,Philadelphia,1993,7.7,66.0,238495,77.32,125
514,The Sting,1973,8.3,83.0,257975,159.6,129
515,Star Trek II: The Wrath of Khan,1982,7.7,67.0,119898,78.91,113
516,Stalker,1979,8.1,,131711,0.23,162
517,The Man Who Shot Liberty Valance,1962,8.1,94.0,75132,,123
518,Bonnie and Clyde,1967,7.7,86.0,111544,,111
519,127 Hours,2010,7.6,82.0,371739,18.34,94
520,Stagecoach,1939,7.8,93.0,48336,,96
521,Life of Brian,1979,8.0,77.0,393525,20.05,94
522,Hachi: A Dog's Tale,2009,8.1,,278448,,93
523,Ghost in the Shell,1995,7.9,76.0,140571,0.52,83
524,The Fall,2006,7.8,64.0,111637,2.28,117
525,Butch Cassidy and the Sundance Kid,1969,8.0,66.0,213479,102.31,110
526,Rushmore,1998,7.6,86.0,183346,17.11,93
527,The French Connection,1971,7.7,94.0,120966,15.63,104
528,The Elephant Man,1980,8.2,78.0,237341,,124
529,Let the Right One In,2008,7.9,82.0,214853,2.12,114
530,The Night of the Hunter,1955,8.0,99.0,88367,0.65,92
531,Jai Bhim,2021,8.9,,189540,,164
532,The Iron Giant,1999,8.1,85.0,188068,23.16,86
533,Happiness,1998,7.7,81.0,69836,2.81,134
534,After Hours,1985,7.6,90.0,68051,10.6,97
535,Ordinary People,1980,7.7,86.0,51624,54.8,124
536,Roma,2018,7.7,96.0,155035,,135
537,Nosferatu,1922,7.9,,95654,,94
538,Lucky Number Slevin,2006,7.7,53.0,310957,22.49,110
539,The Insider,1999,7.8,84.0,169663,28.97,157
540,Isle of Dogs,2018,7.8,82.0,163811,32.02,101
541,The Naked Gun: From the Files of Police Squad!,1988,7.6,76.0,166187,78.76,85
542,Wild Tales,2014,8.1,77.0,194222,3.11,122
543,Glory,1989,7.8,78.0,133491,26.83,122
544,Kung Fu Hustle,2004,7.7,78.0,137312,17.11,99
545,Malcolm X,1992,7.7,73.0,93467,48.17,202
546,The Great Beauty,2013,7.7,86.0,89468,2.85,141
547,The Bridge on the River Kwai,1957,8.2,87.0,217606,44.91,161
548,The Apartment,1960,8.3,94.0,178545,18.6,125
549,Ponyo,2008,7.6,86.0,140235,15.09,101
550,October Sky,1999,7.8,71.0,89789,32.48,108
551,Manhattan,1979,7.9,83.0,139001,45.7,96
552,Ip Man,2008,8.0,59.0,221703,,106
553,Solaris,1972,8.0,90.0,89887,,167
554,A Separation,2011,8.3,95.0,241764,7.1,123
555,Detachment,2011,7.7,52.0,84103,0.07,98
556,Glengarry Glen Ross,1992,7.7,82.0,103970,10.73,100
557,The Last Picture Show,1971,8.0,93.0,47699,29.13,118
558,Dawn of the Dead,1978,7.8,71.0,119070,5.1,127
559,"Paris, Texas",1984,8.0,78.0,103933,2.18,145
560,A Streetcar Named Desire,1951,7.9,97.0,106910,8.0,122
561,All the President's Men,1976,7.9,84.0,113602,70.6,138
562,This Is England,2006,7.7,86.0,121458,0.33,101
563,Cool Hand Luke,1967,8.1,92.0,174813,16.22,127
564,Patton,1970,7.9,91.0,101192,61.7,172
565,Night of the Living Dead,1968,7.8,89.0,126158,0.09,96
566,Hara-Kiri,1962,8.6,85.0,54218,,133
567,On the Waterfront,1954,8.1,91.0,153040,9.6,108
568,Changeling,2008,7.8,63.0,252889,35.74,141
569,Kramer vs. Kramer,1979,7.8,77.0,143526,106.26,105
570,Dangal,2016,8.3,,183555,12.39,161
571,Die Hard with a Vengeance,1995,7.6,58.0,382897,100.01,128
572,Run Lola Run,1998,7.7,77.0,197270,7.27,80
573,Enter the Dragon,1973,7.6,83.0,103426,25.0,102
574,I Am Sam,2001,7.6,28.0,149325,40.31,132
575,Snow White and the Seven Dwarfs,1937,7.6,95.0,195727,184.93,83
576,Mysterious Skin,2004,7.6,73.0,69241,0.7,105
577,Badlands,1973,7.7,93.0,72144,,94
578,Clerks,1994,7.7,70.0,220064,3.15,92
579,The Best Offer,2013,7.8,49.0,117447,0.09,131
580,The Longest Day,1962,7.7,75.0,55371,39.1,178
581,Flipped,2010,7.7,45.0,89024,1.75,90
582,Cabaret,1972,7.8,80.0,54299,42.77,124
583,Amores perros,2000,8.1,83.0,237562,5.38,154
584,Kiki's Delivery Service,1989,7.8,83.0,140587,,103
585,The Name of the Rose,1986,7.7,54.0,107826,7.15,130
586,Annie Hall,1977,8.0,92.0,262925,39.2,93
587,PK,2014,8.1,,180173,10.62,153
588,Ran,1985,8.2,96.0,123597,4.14,162
589,Searching,2018,7.6,71.0,159423,26.02,102
590,Hero,2002,7.9,85.0,180282,53.71,120
591,Mommy,2014,8.0,74.0,56085,3.49,139
592,Paths of Glory,1957,8.4,90.0,193804,,88
593,The Quiet Man,1952,7.7,85.0,38373,10.55,129
594,Rebecca,1940,8.1,86.0,135349,4.36,130
595,Hotel Rwanda,2004,8.1,79.0,351560,23.53,121
596,21 Grams,2003,7.7,70.0,234839,16.29,124
597,The Outlaw Josey Wales,1976,7.8,69.0,72673,31.8,135
598,Gaslight,1944,7.8,,28371,,114
599,Persona,1966,8.1,86.0,115971,,83
600,Tumbbad,2018,8.2,,42052,,104
601,Belle de Jour,1967,7.7,,43952,0.03,100
602,Cinderella Man,2005,8.0,69.0,185728,61.65,144
603,Dancer in the Dark,2000,7.9,61.0,108832,4.18,140
604,The Wild Bunch,1969,7.9,97.0,83855,12.06,135
605,Sing Street,2016,7.9,79.0,92442,3.24,106
606,Shoplifters,2018,7.9,93.0,74108,3.31,121
607,The King of Comedy,1982,7.8,73.0,101048,2.5,109
608,In the Heat of the Night,1967,7.9,75.0,75299,24.38,110
609,Barton Fink,1991,7.6,69.0,120195,6.15,116
610,The Raid 2,2014,7.9,71.0,121913,2.63,150
611,Charade,1963,7.9,83.0,76150,13.47,113
612,Nebraska,2013,7.7,87.0,117422,17.65,115
613,The Third Man,1949,8.1,97.0,169720,0.45,93
614,Yojimbo,1961,8.2,93.0,121134,,110
615,The Remains of the Day,1993,7.8,86.0,73271,22.95,134
616,Seven Pounds,2008,7.6,36.0,300147,69.95,123
617,Land of Mine,2015,7.8,75.0,40559,0.44,100
618,Days of Heaven,1978,7.8,93.0,57546,,94
619,All About Eve,1950,8.2,98.0,129822,0.01,138
620,Like Stars on Earth,2007,8.3,,188991,1.22,165
621,Pink Floyd: The Wall,1982,8.0,47.0,80318,22.24,95
622,Witness for the Prosecution,1957,8.4,,122456,8.18,116
623,Miller's Crossing,1990,7.7,66.0,134127,5.08,115
624,La dolce vita,1960,8.0,95.0,72197,19.52,174
625,Three Colors: White,1994,7.6,88.0,72367,1.46,92
626,The Bridges of Madison County,1995,7.6,69.0,80178,71.52,135
627,Amour,2012,7.9,94.0,99352,6.74,127
628,In a Lonely Place,1950,7.9,,31088,,94
629,Rebel Without a Cause,1955,7.6,89.0,89626,,111
630,Roman Holiday,1953,8.0,78.0,136863,,118
631,Togo,2019,7.9,69.0,47298,,113
632,Letters from Iwo Jima,2006,7.9,89.0,161561,13.76,141
633,Mother,2009,7.8,79.0,62371,0.55,129
634,Dial M for Murder,1954,8.2,75.0,172789,0.01,105
635,The Straight Story,1999,8.0,86.0,89484,6.2,112
636,King Kong,1933,7.9,90.0,84658,10.0,100
637,Fiddler on the Roof,1971,8.0,67.0,43156,80.5,181
638,The Last Emperor,1987,7.7,76.0,101955,43.98,163
639,The Last King of Scotland,2006,7.7,74.0,184746,17.61,123
640,Paprika,2006,7.7,81.0,81126,0.88,90
641,Harold and Maude,1971,7.9,62.0,76743,,91
642,Freaks,1932,7.9,80.0,45921,,64
643,The Hustler,1961,8.0,90.0,81232,8.28,134
644,The Best Years of Our Lives,1946,8.1,93.0,63296,23.65,170
645,Perfect Strangers,2016,7.7,,64194,,96
646,Open Your Eyes,1997,7.7,,68816,0.37,119
647,The Big Sleep,1946,7.9,86.0,84775,6.54,114
648,Black Book,2006,7.7,71.0,76464,4.4,145
649,Me and Earl and the Dying Girl,2015,7.7,74.0,130360,6.74,105
650,Three Colors: Blue,1993,7.9,85.0,100264,1.32,94
651,Beasts of No Nation,2015,7.7,79.0,80432,0.08,137
652,The Wind Rises,2013,7.7,83.0,83560,5.21,126
653,8½,1963,8.0,91.0,116630,0.05,138
654,What Ever Happened to Baby Jane?,1962,8.0,75.0,55147,4.05,134
655,The Man Who Would Be King,1975,7.8,91.0,48536,,129
656,High Noon,1952,8.0,89.0,103285,9.45,85
657,Key Largo,1948,7.7,,40436,,100
658,Ray,2004,7.7,73.0,146313,75.33,152
659,The Day of the Jackal,1973,7.8,80.0,40592,16.06,143
660,Gangs of Wasseypur,2012,8.2,89.0,93912,,321
661,A Man Called Ove,2015,7.7,70.0,53863,3.36,116
662,It Happened One Night,1934,8.1,87.0,102490,4.36,105
663,The Artist,2011,7.9,89.0,239926,44.67,100
664,From Here to Eternity,1953,7.6,85.0,46670,30.5,118
665,Nausicaä of the Valley of the Wind,1984,8.0,86.0,166525,0.5,117
666,Article 15,2019,8.2,,32724,,130
667,Double Indemnity,1944,8.3,95.0,154559,5.72,107
668,50/50,2011,7.6,72.0,327686,35.01,100
669,25th Hour,2002,7.6,68.0,177541,13.06,135
670,Hamlet,1996,7.8,,38000,4.41,242
671,The Maltese Falcon,1941,8.0,97.0,156946,2.11,100
672,Wings of Desire,1987,8.0,79.0,70114,3.33,128
673,A Christmas Story,1983,7.9,77.0,146389,20.61,93
674,Neon Genesis Evangelion: The End of Evangelion,1997,8.0,,52409,,87
675,Klaus,2019,8.1,65.0,142582,,96
676,The Verdict,1982,7.7,77.0,39897,54.0,129
677,The Great Dictator,1940,8.4,,220532,0.29,125
678,Happy Together,1997,7.7,70.0,28396,0.19,96
679,Out of the Past,1947,8.0,,36690,,97
680,Once,2007,7.8,88.0,115870,9.44,86
681,The Killing Fields,1984,7.8,76.0,55169,34.7,141
682,Evil,2003,7.7,61.0,38285,0.02,113
683,Wolfwalkers,2020,8.0,87.0,30659,,103
684,Castle in the Sky,1986,8.0,78.0,163441,,125
685,All That Jazz,1979,7.8,72.0,31393,37.82,123
686,Short Cuts,1993,7.7,79.0,44639,6.11,188
687,The Legend of 1900,1998,8.0,58.0,63572,0.26,169
688,Paper Moon,1973,8.1,77.0,47013,30.93,102
689,Where Eagles Dare,1968,7.6,63.0,57615,,158
690,Frankenstein,1931,7.8,91.0,71230,,70
691,Three Colors: Red,1994,8.1,100.0,101683,4.04,99
692,The Treasure of the Sierra Madre,1948,8.2,98.0,123365,5.01,126
693,Breaking the Waves,1996,7.8,76.0,66362,4.04,159
694,Rope,1948,7.9,73.0,141113,,80
695,Mary and Max,2009,8.1,,175279,,92
696,Sabrina,1954,7.6,72.0,64204,,113
697,The Manchurian Candidate,1962,7.9,94.0,75020,,126
698,My Left Foot,1989,7.9,97.0,73565,14.74,103
699,Breathless,1960,7.7,,79993,0.34,90
700,Miracle in Cell No. 7,2019,8.2,,47119,,132
701,Rashomon,1950,8.2,98.0,165848,0.1,88
702,Porco Rosso,1992,7.7,83.0,87513,,94
703,Being There,1979,8.0,83.0,71789,30.18,130
704,The Day the Earth Stood Still,1951,7.8,,81232,,92
705,"South Park: Bigger, Longer & Uncut",1999,7.7,73.0,202580,52.04,81
706,Modern Times,1936,8.5,96.0,237797,0.16,87
707,Who's Afraid of Virginia Woolf?,1966,8.0,75.0,74533,,131
708,Andhadhun,2018,8.2,,89494,1.37,139
709,Waking Life,2001,7.7,83.0,63726,2.89,99
710,Fantastic Planet,1973,7.7,73.0,30523,0.19,72
711,Once Were Warriors,1994,7.9,77.0,33957,2.2,102
712,Nashville,1975,7.7,96.0,26091,14.82,160
713,Short Term 12,2013,7.9,82.0,87103,1.01,96
714,Anatomy of a Murder,1959,8.0,95.0,65655,11.9,161
715,Infernal Affairs,2002,8.0,75.0,123678,0.17,101
716,Pride,2014,7.8,79.0,55806,,119
717,Judgment at Nuremberg,1961,8.3,60.0,76482,,179
718,The Grapes of Wrath,1940,8.1,96.0,91851,0.06,129
719,The White Ribbon,2009,7.8,82.0,73059,2.22,144
720,The World's Fastest Indian,2005,7.8,68.0,54663,5.13,127
721,All About My Mother,1999,7.8,87.0,95717,8.26,101
722,"4 Months, 3 Weeks and 2 Days",2007,7.9,97.0,59815,1.19,113
723,Kubo and the Two Strings,2016,7.7,84.0,127373,48.02,101
724,The Celebration,1998,8.1,82.0,86110,1.65,105
725,The Cabinet of Dr. Caligari,1920,8.0,,62753,,67
726,Whisper of the Heart,1995,7.9,75.0,60899,,111
727,The Man from Nowhere,2010,7.7,,68709,0.01,119
728,High and Low,1963,8.4,90.0,43031,,143
729,Dragon Ball Super: Broly,2018,7.8,59.0,26379,30.71,100
730,Arsenic and Old Lace,1943,7.9,,70180,,118
731,Loving Vincent,2017,7.8,62.0,57000,6.74,94
732,Jules and Jim,1962,7.7,97.0,41060,,105
733,Zulu,1964,7.7,77.0,38928,,138
734,Control,2007,7.7,78.0,64859,0.87,122
735,The Philadelphia Story,1940,7.9,96.0,68568,,112
736,The Innocents,1961,7.8,88.0,30016,2.62,100
737,The Chaser,2008,7.8,64.0,65106,,125
738,The African Queen,1951,7.7,91.0,77967,0.54,105
739,The Vanishing,1988,7.7,,38341,,107
740,Fanny and Alexander,1982,8.1,100.0,63247,4.97,188
741,Batman: Mask of the Phantasm,1993,7.8,,50027,5.62,76
742,The Lion in Winter,1968,7.9,,31300,22.28,134
743,Bicycle Thieves,1948,8.3,,161051,0.33,89
744,Children of Heaven,1997,8.2,77.0,73686,0.93,89
745,Touch of Evil,1958,8.0,99.0,103625,2.24,95
746,Good Bye Lenin!,2003,7.7,68.0,145024,4.06,121
747,Secrets & Lies,1996,8.0,91.0,42807,13.42,136
748,Philomena,2013,7.6,77.0,99394,37.71,98
749,Hannah and Her Sisters,1986,7.9,90.0,71028,40.08,107
750,Cape Fear,1962,7.7,76.0,28926,,106
751,Cat on a Hot Tin Roof,1958,8.0,84.0,49010,17.57,108
752,United 93,2006,7.6,90.0,105786,31.57,111
753,East of Eden,1955,7.8,72.0,45045,,118
754,City Lights,1931,8.5,99.0,181919,0.02,87
755,The 400 Blows,1959,8.1,,115818,,99
756,The Double Life of Véronique,1991,7.7,86.0,47900,2.0,98
757,Fantasia,1940,7.7,96.0,94922,76.41,125
758,The Killing,1956,8.0,91.0,88711,,84
759,Z,1969,8.2,86.0,28304,0.08,127
760,Sardar Udham,2021,8.5,,39525,,164
761,Notorious,1946,7.9,100.0,100060,10.46,102
762,"Aguirre, the Wrath of God",1972,7.9,,56570,,95
763,Ikiru,1952,8.3,91.0,76942,0.06,143
764,Laura,1944,7.9,,46943,4.36,88
765,Lilya 4-Ever,2002,7.8,82.0,45349,0.18,109
766,Le Samouraï,1967,8.0,,50675,0.04,101
767,Dersu Uzala,1975,8.2,,28477,,142
768,Mirror,1975,8.0,80.0,45761,0.18,107
769,To Have and Have Not,1944,7.8,90.0,34310,,100
770,Stalag 17,1953,8.0,84.0,55437,,120
771,Talk to Her,2002,7.9,86.0,111537,9.28,112
772,A Very Long Engagement,2004,7.6,76.0,73603,6.17,133
773,The Asphalt Jungle,1950,7.8,85.0,26746,,112
774,All Quiet on the Western Front,1930,8.1,91.0,60923,3.27,152
775,Wild Strawberries,1957,8.1,88.0,105904,,91
776,The Red Shoes,1948,8.1,,34548,10.9,135
777,Night on Earth,1991,7.7,68.0,59971,2.02,129
778,"I, Daniel Blake",2016,7.8,78.0,59283,0.26,100
779,Guess Who's Coming to Dinner,1967,7.8,63.0,44839,56.7,108
780,The Bride of Frankenstein,1935,7.8,95.0,47588,4.36,75
781,Zindagi Na Milegi Dobara,2011,8.1,,76168,3.11,155
782,The Adventures of Robin Hood,1938,7.9,97.0,50697,3.98,102
783,Drishyam,2015,8.2,,79865,0.74,163
784,Lagaan: Once Upon a Time in India,2001,8.1,84.0,112279,0.07,224
785,The Taking of Pelham One Two Three,1974,7.6,68.0,30310,2.49,104
786,The Leopard,1963,8.0,100.0,25647,,186
787,The Tale of The Princess Kaguya,2013,8.0,89.0,45397,1.51,137
788,When Marnie Was There,2014,7.7,72.0,39375,0.77,103
789,Gully Boy,2019,7.9,65.0,38358,5.57,154
790,Invasion of the Body Snatchers,1956,7.7,92.0,49140,,80
791,A Prophet,2009,7.8,90.0,97990,2.08,155
792,Wolf Children,2012,8.1,71.0,44017,,117
793,Mr. Smith Goes to Washington,1939,8.1,73.0,114537,9.6,129
794,The Wages of Fear,1953,8.2,85.0,60231,,131
795,The Motorcycle Diaries,2004,7.8,75.0,100710,16.76,126
796,Tokyo Story,1953,8.2,,60533,,136
797,Elite Squad,2007,8.0,33.0,103061,0.01,115
798,Repulsion,1965,7.6,91.0,52713,,105
799,Leviathan,2014,7.6,92.0,53087,1.09,140
800,Fitzcarraldo,1982,8.0,,34552,,158
801,Hard Boiled,1992,7.7,,50084,,128
802,The Conformist,1970,7.9,100.0,30026,0.54,113
803,Sleuth,1972,8.0,,47432,4.08,138
804,3-Iron,2004,7.9,72.0,54683,0.24,88
805,The Kid,1921,8.3,,124769,5.45,68
806,White Heat,1949,8.1,,32554,,114
807,Shadow of a Doubt,1943,7.8,94.0,64748,,108
808,The Odd Couple,1968,7.6,86.0,34642,44.53,105
809,Andrei Rublev,1966,8.0,,53001,0.1,205
810,The Sea Inside,2004,8.0,74.0,81302,2.09,126
811,Underground,1995,8.1,79.0,58079,0.17,167
812,The Diving Bell and the Butterfly,2007,8.0,92.0,107188,5.99,112
813,Winter Sleep,2014,8.0,88.0,51197,0.17,196
814,Song of the Sea,2014,8.0,85.0,57512,0.86,93
815,To Be or Not to Be,1942,8.2,86.0,36179,,99
816,The Little Prince,2015,7.7,70.0,61399,1.34,108
817,Hedwig and the Angry Inch,2001,7.7,85.0,35367,3.03,95
818,The Message,1976,8.1,,47109,,177
819,Head-On,2004,7.9,78.0,53975,,121
820,Harvey,1950,7.9,,55367,,104
821,A Man for All Seasons,1966,7.7,72.0,34332,28.35,120
822,Joint Security Area,2000,7.8,58.0,29706,,110
823,The Invisible Man,1933,7.6,87.0,34516,,71
824,Frost/Nixon,2008,7.7,80.0,107581,18.59,122
825,The Salesman,2016,7.7,85.0,59807,2.4,124
826,His Girl Friday,1940,7.8,,58029,0.3,92
827,Shine,1996,7.7,87.0,54014,35.81,105
828,Vikram Vedha,2017,8.2,,37054,,147
829,The Lunchbox,2013,7.8,76.0,55455,4.23,104
830,My Name Is Khan,2010,7.9,50.0,105523,4.02,165
831,The Sacrifice,1986,7.9,,27866,0.3,149
832,Cowboy Bebop: The Movie,2001,7.8,61.0,48051,1.0,115
833,Red River,1948,7.8,,30931,,133
834,Scarface,1932,7.7,87.0,27698,,93
835,Wait Until Dark,1967,7.7,81.0,30370,17.55,108
836,Amarcord,1973,7.9,,43226,0.58,123
837,Shershaah,2021,8.4,,117234,,135
838,The Lady Vanishes,1938,7.8,98.0,52023,,96
839,The Thin Man,1934,7.9,86.0,29318,,91
840,Ninja Scroll,1993,7.8,,37137,,94
841,G.O.R.A.,2004,8.0,,62118,,127
842,The Chorus,2004,7.8,56.0,61564,3.64,97
843,Peeping Tom,1960,7.6,,34902,0.08,101
844,The Station Agent,2003,7.6,81.0,70196,5.74,89
845,Persepolis,2007,8.0,90.0,93879,4.45,96
846,The Hidden Fortress,1958,8.1,89.0,38612,,126
847,Farewell My Concubine,1993,8.1,83.0,28377,5.22,171
848,Pad Man,2018,7.9,,25474,1.66,140
849,The Broken Circle Breakdown,2012,7.7,70.0,41012,0.18,111
850,Bringing Up Baby,1938,7.8,91.0,60918,,102
851,Confessions,2010,7.7,,38741,,106
852,Throne of Blood,1957,8.1,,51590,,110
853,The General,1926,8.2,,90116,1.03,67
854,Ayla: The Daughter of War,2017,8.3,,38984,,125
855,The 39 Steps,1935,7.6,93.0,56444,,86
856,In Cold Blood,1967,7.9,89.0,26425,,134
857,Kagemusha,1980,7.9,84.0,35359,,162
858,Taste of Cherry,1997,7.7,80.0,30173,0.31,95
859,The Passion of Joan of Arc,1928,8.2,,53743,0.02,114
860,Nostalghia,1983,8.0,,26670,0.01,125
861,Cries & Whispers,1972,8.0,,33808,1.74,91
862,Inherit the Wind,1960,8.1,75.0,29940,,128
863,The Umbrellas of Cherbourg,1964,7.8,86.0,27212,0.03,91
864,The Battle of Algiers,1966,8.1,96.0,59251,0.06,121
865,Rififi,1955,8.1,97.0,34027,0.06,118
866,Brief Encounter,1945,8.0,92.0,39716,,86
867,Eyes Without a Face,1960,7.6,90.0,31160,0.05,90
868,Kind Hearts and Coronets,1949,8.0,,37102,,106
869,"Black Cat, White Cat",1998,8.0,73.0,53425,0.35,127
870,My Sassy Girl,2001,8.0,,47846,,137
871,The Shop Around the Corner,1940,8.1,96.0,32591,0.2,99
872,The Girl Who Leapt Through Time,2006,7.7,,65386,,98
873,The Discreet Charm of the Bourgeoisie,1972,7.8,93.0,42530,0.2,102
874,Pather Panchali,1955,8.3,,31744,0.54,125
875,The Killer,1989,7.8,82.0,48115,,111
876,The Experiment,2001,7.7,60.0,93511,0.14,120
877,After the Wedding,2006,7.7,78.0,34474,0.41,120
878,Departures,2008,8.0,68.0,51735,1.5,130
879,Tokyo Godfathers,2003,7.8,73.0,39079,0.13,92
880,The Road,1954,8.0,,62628,,108
881,Diabolique,1955,8.1,,65361,1.09,117
882,The Postman,1994,7.7,81.0,36217,21.85,108
883,Nobody Knows,2004,8.0,88.0,27603,0.68,141
884,M.S. Dhoni: The Untold Story,2016,7.9,,54139,1.78,184
885,The Purple Rose of Cairo,1985,7.7,75.0,51280,10.63,82
886,Miracle on 34th Street,1947,7.9,88.0,47421,2.65,96
887,The Caine Mutiny,1954,7.7,63.0,27429,21.75,124
888,The Virgin Spring,1960,8.1,,29043,1.53,89
889,Battleship Potemkin,1925,8.0,97.0,57150,0.05,66
890,Sweet Smell of Success,1957,8.0,100.0,31520,,96
891,Down by Law,1986,7.7,75.0,51245,1.44,107
892,Millennium Actress,2001,7.8,70.0,27426,0.19,87
893,You Can't Take It with You,1938,7.8,,25587,4.66,126
894,Adam's Apples,2005,7.7,51.0,50307,0.0,94
895,My Father and My Son,2005,8.2,,85768,,112
896,"Spring, Summer, Fall, Winter... and Spring",2003,8.0,85.0,82245,2.38,103
897,Nights of Cabiria,1957,8.1,,48413,0.75,110
898,Autumn Sonata,1978,8.1,,33813,,99
899,The Exterminating Angel,1962,8.0,,32851,,95
900,Celda 211,2009,7.6,,67213,,113
901,Ivan's Childhood,1962,8.0,,36020,,95
902,Sunrise,1927,8.1,,50709,0.54,94
903,Nine Queens,2000,7.9,80.0,52540,1.22,114
904,Dreams,1990,7.7,,26204,1.96,119
905,About Elly,2009,7.9,87.0,52950,0.11,119
906,Queen,2013,8.1,,65212,1.43,146
907,The Triplets of Belleville,2003,7.7,91.0,54184,7.0,80
908,Once Upon a Time in Anatolia,2011,7.8,82.0,45980,0.14,157
909,Kal Ho Naa Ho,2003,7.9,54.0,68242,1.79,186
910,"Goodbye, Children",1987,8.0,88.0,33582,4.54,104
911,In America,2002,7.7,76.0,42976,15.54,105
912,Pink,2016,8.1,,44299,1.24,136
913,Hera Pheri,2000,8.1,,65283,,156
914,The Lost Weekend,1945,7.9,,36656,9.46,101
915,Crimes and Misdemeanors,1989,7.8,77.0,57665,18.25,104
916,Dil Chahta Hai,2001,8.1,,71327,0.3,183
917,Jab We Met,2007,7.9,,52183,0.41,138
918,Vivre Sa Vie,1962,7.9,,31275,,85
919,L'Avventura,1960,7.8,,29453,,144
920,The Big Heat,1953,7.9,,26515,,89
921,Masaan,2015,8.1,,27562,,109
922,Hiroshima Mon Amour,1959,7.9,,31625,0.09,90
923,No Man's Land,2001,7.9,84.0,46931,1.06,98
924,Haider,2014,8.1,,54574,0.9,160
925,Ace in the Hole,1951,8.1,72.0,35441,3.97,111
926,Vera Drake,2004,7.6,83.0,25412,3.75,125
927,The Return,2003,7.9,82.0,45285,0.5,110
928,The Gold Rush,1925,8.2,,109925,5.45,95
929,Tangerines,2013,8.1,73.0,45849,0.14,87
930,Uri: The Surgical Strike,2019,8.2,,59127,4.19,138
931,The Past,2013,7.7,85.0,48593,1.33,130
932,Duck Soup,1933,7.8,93.0,59771,,69
933,Munna Bhai M.B.B.S.,2003,8.1,,80514,,156
934,Beauty and the Beast,1946,7.9,92.0,26290,0.3,93
935,Le Dîner de Cons,1998,7.6,73.0,41204,4.07,80
936,Talvar,2015,8.1,,34796,0.34,132
937,Raatchasan,2018,8.3,,39577,,170
938,The Muppet Christmas Carol,1992,7.7,64.0,57622,27.28,85
939,Raise the Red Lantern,1991,8.1,,32306,2.6,125
940,The Magdalene Sisters,2002,7.7,83.0,27153,4.89,114
941,Time of the Gypsies,1988,8.1,,30485,0.28,142
942,Sherlock Jr.,1924,8.2,,48737,0.98,45
943,Love and Death,1975,7.7,89.0,38309,,85
944,C.R.A.Z.Y.,2005,7.9,81.0,32761,,129
945,Barfi!,2012,8.1,,80896,2.8,151
946,Udta Punjab,2016,7.7,,30112,,148
947,Knockin' on Heaven's Door,1997,7.9,,30138,0.0,87
948,Udaan,2010,8.1,,44781,0.01,134
949,Bajrangi Bhaijaan,2015,8.1,,85287,8.18,163
950,Dilwale Dulhania Le Jayenge,1995,8.0,,68406,,181
951,Hindi Medium,2017,7.8,,28132,,132
952,The Grand Illusion,1937,8.1,,36357,0.17,113
953,Sullivan's Travels,1941,7.9,,26132,,90
954,Color It Yellow,2006,8.1,,118238,2.2,167
955,Elite Squad 2: The Enemy Within,2010,8.0,71.0,82565,0.1,115
956,Soorarai Pottru,2020,8.7,,110420,,153
957,Joyeux Noel,2005,7.7,70.0,29689,1.05,116
958,Chhichhore,2019,8.2,,50284,0.9,143
959,Sanjuro,1962,8.0,,37819,,96
960,Jean de Florette,1986,8.1,,25664,4.94,120
961,Fireworks,1997,7.7,,30351,0.23,103
962,Zelig,1983,7.7,,41890,11.8,79
963,"Rome, Open City",1945,8.0,,26292,,103
964,Drishyam,2013,8.3,,40454,,160
965,Central Station,1998,8.0,80.0,39312,5.6,110
966,A Wednesday,2008,8.1,,78036,,104
967,Dev.D,2009,7.9,,30473,0.01,144
968,Tae Guk Gi: The Brotherhood of War,2004,8.0,64.0,39548,1.11,140
969,Drishyam 2,2021,8.4,,34977,,152
970,The Rules of the Game,1939,7.9,,28781,,110
971,96,2018,8.4,,28743,,158
972,Swades,2004,8.1,,89247,1.22,189
973,Asuran,2019,8.5,,26519,,141
974,Super 30,2019,7.9,,30180,2.27,154
975,A Night at the Opera,1935,7.8,,32706,2.54,96
976,The Edge of Heaven,2007,7.7,85.0,31999,0.74,122
977,Veer Zaara,2004,7.8,67.0,52365,2.92,192
978,Everything's Gonna Be Great,1998,8.1,,25285,,107
979,Airlift,2016,7.9,,56527,,130
980,Paan Singh Tomar,2012,8.2,,35989,0.04,135
981,OMG: Oh My God!,2012,8.1,,57674,0.92,125
982,Badhaai Ho,2018,8.0,,33650,,124
983,The Circus,1928,8.1,90.0,33403,,72
984,Sholay,1975,8.1,,55101,,162
985,Vicky Donor,2012,7.8,,42918,0.17,126
986,Kahaani,2012,8.1,,62336,1.04,122
987,The Bandit,1996,8.1,,69625,,128
988,English Vinglish,2012,7.8,,36045,1.67,134
989,Let's Go! India,2007,8.1,68.0,79276,1.11,153
990,Bhaag Milkha Bhaag,2013,8.2,,66937,1.63,186
991,Vizontele,2001,8.0,,36438,,110
992,Black,2005,8.1,,34784,0.73,122
993,Special 26,2013,8.0,,55645,1.08,144
994,Sarfarosh,1999,8.1,,25523,,174
995,The Breath,2009,7.9,,33532,,128
996,"Carry On, Munna Bhai",2006,8.0,,46552,2.22,144
997,Baby,2015,7.9,,57078,,159
998,Anand,1971,8.1,,33536,,122
999,Andaz Apna Apna,1994,8.0,,52913,,160
